{
  "version": 1,
  "author": "Lê Nguyễn Quang Bình",
  "editor": "wokwi",
  "parts": [
    { "type": "board-esp32-devkit-c-v4", "id": "esp", "top": 96, "left": -110.36, "attrs": {} },
    {
      "type": "wokwi-dht22",
      "id": "dht1",
      "top": -66.9,
      "left": -178.2,
      "attrs": { "temperature": "-33.3", "humidity": "65.5" }
    },
    {
      "type": "wokwi-pir-motion-sensor",
      "id": "pir1",
      "top": 157.6,
      "left": -429.78,
      "attrs": {}
    },
    {
      "type": "wokwi-photoresistor-sensor",
      "id": "ldr1",
      "top": 51.2,
      "left": -440.8,
      "attrs": {}
    },
    { "type": "wokwi-slide-switch", "id": "sw1", "top": 321.2, "left": -198.5, "attrs": {} },
    {
      "type": "wokwi-led",
      "id": "led1",
      "top": 73.2,
      "left": 3.8,
      "attrs": { "color": "orange", "flip": "" }
    },
    {
      "type": "wokwi-led",
      "id": "led2",
      "top": 92.4,
      "left": 32.6,
      "attrs": { "color": "purple" }
    },
    {
      "type": "wokwi-led",
      "id": "led3",
      "top": 169.2,
      "left": -341.8,
      "attrs": { "color": "green" }
    },
    { "type": "wokwi-gnd", "id": "gnd1", "top": 268.8, "left": -336.6, "attrs": {} },
    { "type": "wokwi-vcc", "id": "vcc1", "top": 279.16, "left": -364.8, "attrs": {} },
    { "type": "wokwi-gnd", "id": "gnd2", "top": 86.4, "left": -144.6, "attrs": {} },
    { "type": "wokwi-vcc", "id": "vcc2", "top": 39.16, "left": -230.4, "attrs": {} },
    { "type": "wokwi-vcc", "id": "vcc3", "top": 19.96, "left": -192, "attrs": {} },
    { "type": "wokwi-gnd", "id": "gnd3", "top": 76.8, "left": -250.2, "attrs": {} },
    { "type": "wokwi-gnd", "id": "gnd4", "top": 384, "left": -202.2, "attrs": {} },
    { "type": "wokwi-vcc", "id": "vcc4", "top": 384.76, "left": -172.8, "attrs": {} },
    {
      "type": "wokwi-buzzer",
      "id": "bz1",
      "top": 280.8,
      "left": -276.6,
      "attrs": { "volume": "0.1" }
    },
    { "type": "wokwi-led", "id": "led4", "top": 150, "left": -217, "attrs": { "color": "blue" } },
    { "type": "wokwi-led", "id": "led5", "top": 322.8, "left": -169, "attrs": { "color": "red" } },
    {
      "type": "wokwi-hc-sr04",
      "id": "ultrasonic1",
      "top": 116.7,
      "left": 187.9,
      "attrs": { "distance": "27" }
    },
    {
      "type": "wokwi-led",
      "id": "led6",
      "top": 188.4,
      "left": 301.8,
      "attrs": { "color": "yellow", "flip": "1" }
    },
    { "type": "wokwi-vcc", "id": "vcc6", "top": 269.56, "left": 230.4, "attrs": {} },
    { "type": "wokwi-gnd", "id": "gnd6", "top": 268.8, "left": 277.8, "attrs": {} },
    {
      "type": "wokwi-led",
      "id": "led7",
      "top": 111.6,
      "left": 61.4,
      "attrs": { "color": "white" }
    },
    { "type": "wokwi-gnd", "id": "gnd5", "top": 172.8, "left": 37.8, "attrs": {} },
    {
      "type": "wokwi-led",
      "id": "led8",
      "top": 130.8,
      "left": 90.2,
      "attrs": { "color": "cyan" }
    },
    { "type": "wokwi-slide-switch", "id": "sw2", "top": 330.8, "left": 41.5, "attrs": {} },
    {
      "type": "wokwi-lcd2004",
      "id": "lcd1",
      "top": -89.6,
      "left": 63.2,
      "attrs": { "pins": "i2c" }
    }
  ],
  "connections": [
    [ "esp:TX", "$serialMonitor:RX", "", [] ],
    [ "esp:RX", "$serialMonitor:TX", "", [] ],
    [ "pir1:OUT", "esp:13", "green", [ "v0" ] ],
    [ "led1:A", "esp:23", "green", [ "v0" ] ],
    [ "pir1:VCC", "vcc1:VCC", "red", [ "v0" ] ],
    [ "pir1:GND", "gnd1:GND", "black", [ "v0", "h47.74" ] ],
    [ "gnd1:GND", "led3:C", "black", [ "v0" ] ],
    [ "dht1:GND", "gnd2:GND", "black", [ "v0" ] ],
    [ "ldr1:VCC", "vcc2:VCC", "red", [ "h28.8", "v76.8" ] ],
    [ "dht1:VCC", "vcc3:VCC", "red", [ "v0" ] ],
    [ "ldr1:GND", "gnd3:GND", "black", [ "h0" ] ],
    [ "gnd4:GND", "sw1:1", "black", [ "v0" ] ],
    [ "vcc4:VCC", "sw1:3", "red", [ "h-9.6", "v-67.2" ] ],
    [ "gnd4:GND", "bz1:1", "black", [ "v-9.6", "h-57.6" ] ],
    [ "led3:A", "esp:12", "green", [ "v0" ] ],
    [ "sw1:2", "esp:14", "green", [ "v9.6", "h19.3", "v-96" ] ],
    [ "bz1:2", "esp:27", "green", [ "v0", "h38", "v-144" ] ],
    [ "gnd3:GND", "led4:C", "black", [ "v0", "h9.6", "v96" ] ],
    [ "led4:A", "esp:33", "green", [ "v0" ] ],
    [ "dht1:SDA", "esp:32", "green", [ "v0" ] ],
    [ "gnd4:GND", "led5:C", "black", [ "v-9.6", "h38.4" ] ],
    [ "led5:A", "esp:26", "green", [ "v0", "h9.6", "v-153.6" ] ],
    [ "ultrasonic1:VCC", "vcc6:VCC", "red", [ "v96", "h-28.8" ] ],
    [ "ultrasonic1:GND", "gnd6:GND", "black", [ "v0" ] ],
    [ "gnd6:GND", "led6:C", "black", [ "v0", "h19.2" ] ],
    [ "ultrasonic1:ECHO", "esp:0", "green", [ "v0" ] ],
    [ "ultrasonic1:TRIG", "esp:4", "purple", [ "v28.8", "h-0.4" ] ],
    [ "led6:A", "esp:16", "green", [ "v0" ] ],
    [ "led2:C", "gnd5:GND", "green", [ "v0" ] ],
    [ "led7:C", "gnd5:GND", "green", [ "h-28.4", "v38.4" ] ],
    [ "led8:C", "gnd5:GND", "green", [ "v0" ] ],
    [ "led8:A", "esp:19", "green", [ "v9.6", "h-115.2", "v9.6" ] ],
    [ "ldr1:AO", "esp:35", "green", [ "h9.6", "v56.9", "h124.8", "v19.2" ] ],
    [ "sw2:2", "esp:15", "green", [ "v9.6", "h-38.3", "v-105.6" ] ],
    [ "gnd4:GND", "sw2:1", "black", [ "h192", "v0", "h48" ] ],
    [ "vcc4:VCC", "sw2:3", "red", [ "v0", "h230.4" ] ],
    [ "esp:GND.2", "lcd1:GND", "black", [ "v-182.4", "h9.6" ] ],
    [ "lcd1:VCC", "esp:3V3", "red", [ "h-172.8", "v0.1" ] ],
    [ "esp:GND.2", "led1:C", "black", [ "v0", "h28.8" ] ],
    [ "led2:A", "esp:5", "green", [ "v76.8" ] ],
    [ "led7:A", "esp:17", "green", [ "v0" ] ],
    [ "lcd1:SCL", "esp:22", "green", [ "h-28.8", "v173.1" ] ],
    [ "esp:21", "lcd1:SDA", "green", [ "h19.2", "v-201.6", "h0", "v-9.6" ] ]
  ],
  "dependencies": {}
}